NO_OF_FRAMES	1000
NO_OF_CAMERAS	8
NO_OF_MARKERS	1
FREQUENCY	100
NO_OF_ANALOG	0
ANALOG_FREQUENCY	0
DESCRIPTION	--
TIME_STAMP	2009-01-29, 13:30:04	10835.62405273
DATA_INCLUDED	3D
MARKER_NAMES	PTIP
0.846293955	-0.543019588	0.002662755
0.846367212	-0.542279904	0.00062662
0.84035544	-0.540685167	0.000985773
0.846034023	-0.54259077	-0.001720519
0.835912161	-0.538966019	-0.004819763
0.839342994	-0.540762427	0.002121114
0.840197559	-0.543264273	-0.000106251
0.839725183	-0.547851807	0.001872145
0.836346112	-0.543644208	0.003797245
0.835858344	-0.544086383	-0.004781695
0.838975031	-0.542634892	0.001566099
0.831353085	-0.548568293	-0.00415038
0.836097402	-0.547673511	0.004999864
0.834767508	-0.55204442	0.000566645
0.834071712	-0.556223527	-0.00112012
0.833172455	-0.558562793	0.003367925
0.829862418	-0.555142849	-0.004871221
0.833094019	-0.554533852	0.00020838
0.830568473	-0.565077417	0.000134774
0.828828803	-0.567637465	-0.001670453
0.826833968	-0.570483273	0.003528542
0.819793232	-0.564516126	-0.003697833
0.818483504	-0.571758994	-0.004109132
0.819764834	-0.578500603	0.004343881
0.812561063	-0.58056705	-0.001450646
0.809166494	-0.579148422	0.00368236
0.811760356	-0.588077386	0.001546478
0.808283825	-0.590661223	-0.001781955
0.809658417	-0.594164494	0.002481903
0.801730019	-0.590038635	-0.003633103
0.801802627	-0.602186415	-0.004752899
0.798908015	-0.599239335	0.002058387
0.796774138	-0.604590095	0.004048538
0.792731065	-0.61412782	0.004331596
0.789427815	-0.615631089	0.000800029
0.783566104	-0.620685598	0.004951336
0.787755523	-0.62225464	0.003446495
0.778128158	-0.623984707	0.003182513
0.774464556	-0.635981102	-0.001785106
0.770299151	-0.63392497	0.00082784
0.772761021	-0.636395179	-0.004770572
0.761892587	-0.649055807	0.000310394
0.761866987	-0.645624374	-0.003952438
0.757245652	-0.650950054	-0.003237646
0.750224458	-0.662415252	0.004908217
0.747629388	-0.669115201	-0.003294684
0.741457253	-0.672744532	0.00063498
0.740297924	-0.674897291	0.004592736
0.737650998	-0.680236066	-0.004716505
0.731589077	-0.682083785	-0.000298021
0.719261375	-0.68671069	-0.003373922
0.722973893	-0.699391081	0.002423096
0.710169898	-0.697389477	0.003977711
0.712213541	-0.706059715	-0.003394078
0.703947295	-0.716217503	-0.00483633
0.697702832	-0.714905921	-0.003702931
0.693741797	-0.719656617	-0.004639368
0.685289231	-0.729813761	0.002807995
0.679748202	-0.729920786	0.00368409
0.671063314	-0.745139855	-0.003311107
0.665622246	-0.743660731	0.000697436
0.655766978	-0.752214494	0.002484346
0.655525985	-0.757992476	-0.001760208
0.645122144	-0.760913572	-0.002541018
0.643039643	-0.764668877	0.000371443
0.634125324	-0.770630778	-0.003568592
0.623123163	-0.785849774	0.002158321
0.617674718	-0.78868259	-0.001993517
0.612396677	-0.79372804	-0.002611012
0.60645883	-0.795181629	-0.004469041
0.589753721	-0.800110937	0.004468661
0.588530095	-0.810582129	-0.002215162
0.575428215	-0.817751147	-0.002777567
0.5696347	-0.817365772	1.74428E-05
0.564473894	-0.829410974	-0.001574076
0.556797208	-0.834656806	-0.001677015
0.545307672	-0.834896439	0.004279087
0.532607888	-0.845166091	-0.001706667
0.526984998	-0.848242195	-0.003225279
0.514803999	-0.857488717	0.002883472
0.512371399	-0.85656511	0.001132368
0.505519687	-0.869218128	4.14556E-06
0.493212875	-0.866673379	0.000378866
0.485100521	-0.880764563	-0.003202356
0.470033652	-0.879536939	-5.8828E-05
0.465608811	-0.891327366	0.00125159
0.447974664	-0.893762137	0.000686632
0.442259435	-0.892484718	0.001863422
0.431632089	-0.899767285	0.002255251
0.423647224	-0.90448389	0.004393218
0.416478786	-0.913842251	0.002579421
0.400334058	-0.917873955	0.001754822
0.387915219	-0.918834952	0.003236033
0.38462084	-0.924656732	0.003189724
0.37074148	-0.929690742	0.003685085
0.357165507	-0.936717718	-0.002001001
0.351930107	-0.938490485	-0.002100276
0.337119483	-0.943532076	-0.004153221
0.322023088	-0.946707316	-0.004294245
0.310012634	-0.953472497	0.004218689
0.303309092	-0.95587371	-0.004906975
0.287571512	-0.959855336	0.004134916
0.283682084	-0.959353505	0.002185801
0.265731541	-0.965838852	-0.001299141
0.258617561	-0.971007309	0.001208702
0.242434058	-0.967216736	-0.004195819
0.23404643	-0.967734304	0.003791896
0.222293212	-0.97482828	-0.002088646
0.210223203	-0.975841273	-0.002704693
0.197397331	-0.980925843	0.004181588
0.186848765	-0.986552789	3.56498E-05
0.176562132	-0.983190015	-0.000305378
0.165157127	-0.990954811	0.001889249
0.149327574	-0.991490893	-0.001249595
0.13603587	-0.992824947	-0.000558674
0.119089503	-0.988264961	-0.000631748
0.109768922	-0.997673947	-0.004422093
0.102836383	-0.992088254	0.000913544
0.086030104	-0.991522371	-0.004580238
0.072603883	-0.994406131	0.00075688
0.0660462	-1.00283561	0.000516558
0.053412974	-0.997389691	0.002078035
0.040859376	-1.001097557	0.002932963
0.020528153	-0.999402421	0.004479745
0.013016889	-0.997678683	-0.003418341
-0.001058664	-1.001492076	-0.003443284
-0.017415206	-0.9959279	0.004167456
-0.028848341	-0.999909525	-0.002068307
-0.034896206	-0.997272874	-0.002638914
-0.053457408	-0.997613339	0.001179823
-0.062654985	-0.999974992	0.001984831
-0.081359154	-1.00026249	0.000737109
-0.085797618	-0.994265345	0.002671191
-0.097952569	-0.994362533	-0.000903274
-0.115914849	-0.990262895	-0.004659309
-0.128787303	-0.992645001	-0.000875109
-0.139137368	-0.989479369	0.003983228
-0.148130103	-0.984708591	-0.004949807
-0.161545616	-0.990574551	0.000245141
-0.171075589	-0.979579392	0.00324622
-0.186231244	-0.979046178	-0.001527707
-0.200718814	-0.977583622	0.002331227
-0.211110067	-0.9725982	-0.00443877
-0.22454398	-0.975772505	-0.002316708
-0.235557185	-0.967013915	0.000887812
-0.245982069	-0.96707092	0.000357168
-0.258541427	-0.966825962	0.001075865
-0.266941266	-0.959072426	0.001102602
-0.280636243	-0.955478641	-0.004938151
-0.290397724	-0.957729528	0.00397579
-0.302849987	-0.949197984	0.003763124
-0.321222227	-0.946753094	0.003489695
-0.32391335	-0.944484537	-0.001041087
-0.339171933	-0.938097218	0.000570792
-0.354236025	-0.934068043	0.00138804
-0.3665051	-0.93549389	0.002324571
-0.368749933	-0.927954322	-0.003207613
-0.385077763	-0.928296514	0.003424964
-0.392207749	-0.919772797	0.00302049
-0.406977605	-0.915807362	0.00114253
-0.410982348	-0.909474671	0.002880643
-0.428700626	-0.901224562	0.002605838
-0.430229082	-0.897973461	-0.002423058
-0.444758015	-0.899240092	-0.002525592
-0.452084507	-0.891777583	0.001568001
-0.466943802	-0.887402043	-0.003707951
-0.479535041	-0.875652414	0.004541912
-0.485862711	-0.876450515	0.00148342
-0.494204916	-0.870127979	0.003428475
-0.501314511	-0.86117502	0.00148969
-0.507740568	-0.857665747	-0.003724849
-0.521509702	-0.854763261	0.000872658
-0.525123744	-0.846817064	-0.001125487
-0.53502775	-0.837573381	-0.004120835
-0.549955413	-0.841328423	-0.00079257
-0.558359593	-0.827036023	0.000964121
-0.567544664	-0.822263702	-0.004988173
-0.575313858	-0.815634753	0.003041887
-0.579594907	-0.81253488	-0.001839266
-0.586192437	-0.806175431	-0.002483713
-0.599599694	-0.801141625	-0.000163531
-0.608570038	-0.800053824	-0.00080439
-0.614134038	-0.794035181	0.001739283
-0.622174426	-0.784574607	0.002301187
-0.631355279	-0.778594791	-0.000156464
-0.637850749	-0.774095494	0.00037982
-0.637762771	-0.764789286	-0.000131685
-0.650184125	-0.764363148	-0.00396725
-0.65168002	-0.752938371	-0.004210167
-0.659303983	-0.755087718	-0.003334561
-0.665518352	-0.740729886	-0.003298424
-0.673606595	-0.741314872	-0.00169159
-0.679888994	-0.73600744	-0.002366021
-0.689469093	-0.729255396	-0.004175802
-0.693258196	-0.719734908	-0.0022095
-0.699491106	-0.717723261	0.004258513
-0.698790694	-0.71191354	0.000787706
-0.704581567	-0.709334465	-0.001886535
-0.713480877	-0.697221963	-0.001158501
-0.718229725	-0.690218708	-0.002284533
-0.728700023	-0.692056219	-0.000265455
-0.726147801	-0.681526447	-0.002622236
-0.737087543	-0.681920608	-0.003339771
-0.743509417	-0.674833525	-0.004488044
-0.746506463	-0.664826549	0.003087015
-0.74417991	-0.666915776	-0.003416787
-0.756070239	-0.661953437	-0.000695646
-0.761646281	-0.655924247	-4.91936E-05
-0.758703618	-0.645980467	0.003008572
-0.764726405	-0.645875769	-0.000114159
-0.772625417	-0.63914645	-0.001103216
-0.774060464	-0.638524765	0.004676841
-0.773471993	-0.634696347	-0.004784969
-0.780780858	-0.626597291	0.002049118
-0.785231133	-0.617063609	-0.000145167
-0.783139582	-0.615384316	-0.002662861
-0.793612208	-0.613338259	0.002978153
-0.788645579	-0.604272849	-0.001366101
-0.79959981	-0.60252788	-0.003981803
-0.80384115	-0.605128089	0.001325798
-0.798518403	-0.598512597	0.002340625
-0.806087425	-0.58998614	-0.001927236
-0.803133062	-0.59348037	0.004517824
-0.81200877	-0.587774202	-0.002738273
-0.815828423	-0.580608979	0.003592601
-0.818363269	-0.580743748	0.003254874
-0.813378592	-0.576183328	-0.001855469
-0.818029227	-0.577142374	0.002897406
-0.818350922	-0.569107994	-0.004613596
-0.81979822	-0.56664686	0.00070564
-0.819512562	-0.570373926	0.004230663
-0.825565722	-0.563469201	0.003124105
-0.824164409	-0.563801684	0.003037797
-0.827341612	-0.558081587	-0.003449905
-0.831694199	-0.560792203	-0.002497854
-0.827538855	-0.55177101	0.003115822
-0.835350379	-0.557507368	0.000186671
-0.833665813	-0.549970927	0.002576006
-0.838883053	-0.55345636	0.004466233
-0.831715135	-0.548557751	-0.003301286
-0.840412159	-0.547959943	-0.003001827
-0.835239236	-0.541806239	0.004455574
-0.838936932	-0.546439683	0.004476089
-0.842525913	-0.545947105	0.00051354
-0.84462648	-0.54584513	0.003076429
-0.839251363	-0.54172277	-0.002642206
-0.835899833	-0.539271854	0.004405469
-0.84456847	-0.544008607	-0.002880535
-0.843421444	-0.542270315	-0.003509057
-0.843644514	-0.544476864	0.002824962
-0.838558835	-0.543405368	-0.003645087
-0.836528014	-0.543508238	-0.003810977
-0.840013237	-0.543003197	0.003702442
-0.845859522	-0.53931742	0.002183926
-0.839195891	-0.542461059	0.003979161
-0.843920819	-0.543187887	0.003241785
-0.83557044	-0.5397604	-0.004802722
-0.837539817	-0.546997706	-0.000606019
-0.843003464	-0.546862336	0.00428333
-0.836888112	-0.541085735	-0.000937743
-0.836614989	-0.551864323	-0.004243319
-0.838475948	-0.54548906	0.001989382
-0.835306316	-0.54735509	-0.000516645
-0.831836107	-0.550027139	-0.000477744
-0.835269582	-0.557656818	-0.001538345
-0.83291704	-0.557933719	-0.00328586
-0.828420873	-0.556260401	-0.00352807
-0.826737524	-0.562844533	0.003228077
-0.823101529	-0.55860976	-0.003053768
-0.830261887	-0.564467231	-0.003051847
-0.828458563	-0.568491349	-0.004855919
-0.820092309	-0.574459988	-0.003676143
-0.823450698	-0.576267215	-0.004558693
-0.815609516	-0.571522366	-0.00020448
-0.816214055	-0.577803012	0.001246439
-0.814855641	-0.577850849	0.001938056
-0.814209335	-0.583719733	0.002594894
-0.809074922	-0.591822465	0.002166589
-0.801313656	-0.595372523	-0.004163252
-0.805496531	-0.592717051	-0.002030217
-0.796765657	-0.598327713	-0.003278973
-0.796244817	-0.607020276	0.002533375
-0.793903787	-0.604541323	0.00294863
-0.792169776	-0.607700815	-0.004759993
-0.788437733	-0.610045042	0.004455179
-0.782485746	-0.615300502	-0.002905699
-0.778790369	-0.622934754	-0.000243447
-0.775217793	-0.628988789	-0.000658952
-0.773765377	-0.635291319	-0.002456004
-0.770306138	-0.636014281	-0.002517452
-0.767030853	-0.641710245	0.002474538
-0.765992791	-0.644798462	0.001040722
-0.763201206	-0.651126448	-0.00083167
-0.753865501	-0.652617847	0.004734387
-0.74621711	-0.665404476	0.001617335
-0.74283344	-0.662202571	-0.004452563
-0.743816515	-0.673662085	-1.19719E-05
-0.74003241	-0.674766218	0.00265061
-0.73238066	-0.684593445	0.004370367
-0.729565073	-0.690606791	0.003701959
-0.718984529	-0.689846844	-0.000878396
-0.71913049	-0.695078682	0.003371305
-0.714027783	-0.703317869	0.003177471
-0.701497601	-0.703998509	-0.004520966
-0.69669287	-0.713026503	-0.004987012
-0.69827207	-0.722937534	-0.003937633
-0.69059242	-0.72974444	0.002761902
-0.68324829	-0.732001824	0.004421684
-0.67701791	-0.738491136	0.001456164
-0.670321372	-0.740310784	-0.001162164
-0.668543232	-0.75067523	0.002311612
-0.656040176	-0.756297875	-0.003469188
-0.654690492	-0.75959809	0.003090634
-0.645248681	-0.762161312	0.002743204
-0.633647558	-0.768252143	0.000752807
-0.627890007	-0.777258952	8.47378E-06
-0.621991942	-0.786824195	-0.00257484
-0.616687698	-0.784022455	0.001207567
-0.603262856	-0.794505914	-0.001808382
-0.60006495	-0.802565012	-0.00412617
-0.588400467	-0.800887737	0.003793173
-0.580648386	-0.812820587	0.004713093
-0.575463989	-0.814691724	-0.000199814
-0.572092713	-0.823596439	0.001227956
-0.562551085	-0.823395948	-0.004462444
-0.548225524	-0.831048791	0.004594443
-0.540342276	-0.842628162	-0.000693863
-0.532712231	-0.846562828	-0.00393024
-0.522828475	-0.855241926	-0.002581056
-0.517158063	-0.855972968	0.000492193
-0.507829067	-0.863927578	0.002021748
-0.497596075	-0.871887268	-0.003444257
-0.487217875	-0.86798654	-0.000995366
-0.480097263	-0.876608201	-0.002889933
-0.467936013	-0.886867112	0.000434728
-0.455175583	-0.891228758	0.004911627
-0.45138285	-0.892830632	-0.001134344
-0.440699343	-0.902053887	-0.004195899
-0.428815379	-0.906193488	-0.000181655
-0.42456526	-0.903342271	0.002139692
-0.411037379	-0.91028418	-0.003480573
-0.397143358	-0.914820521	0.003045276
-0.386613824	-0.917633822	0.001788643
-0.37633006	-0.924247414	0.000561349
-0.362677588	-0.934092599	0.002359641
-0.351554239	-0.936215532	0.003769624
-0.347025017	-0.942200931	-0.000790744
-0.33619268	-0.942700344	-0.003533536
-0.323477103	-0.945636857	0.003516532
-0.306543193	-0.950181338	0.002754979
-0.295183996	-0.956749505	5.05195E-06
-0.291677168	-0.958861438	0.000771602
-0.281590563	-0.961947617	-0.002402197
-0.268545544	-0.965402064	0.002659765
-0.250258893	-0.966390088	-0.001294163
-0.24014118	-0.96549183	-0.002182257
-0.234667946	-0.972925469	0.001942872
-0.218959162	-0.974038578	-0.004813357
-0.209352614	-0.97506832	-0.000505115
-0.189323102	-0.978615587	-0.003527942
-0.17966402	-0.987266643	-0.003998067
-0.173065653	-0.982651646	-1.96762E-05
-0.15366793	-0.989193236	0.002280608
-0.142404517	-0.985284496	0.003587233
-0.129067624	-0.993870777	0.001991168
-0.122915439	-0.994951101	0.00385803
-0.105429572	-0.993411917	0.004899564
-0.09742773	-0.996477378	0.004845794
-0.080932991	-0.999834391	0.003918662
-0.075209259	-0.998915823	-0.000172297
-0.059579794	-0.994770036	-0.000583127
-0.048264468	-0.994333183	0.00313462
-0.036096877	-1.000691613	-0.002088561
-0.024695185	-0.995830024	-0.001386744
-0.009909422	-0.995300546	-3.31886E-05
0.00160982	-1.001988037	-1.07981E-05
0.015579577	-0.99798948	-0.003833926
0.027556254	-0.999075226	-0.0019102
0.043202603	-0.999508089	-0.003471269
0.050479757	-0.994992782	0.002120308
0.070168985	-0.997379639	-0.004610334
0.082431791	-0.998701665	-0.00128009
0.089500596	-0.994538514	-0.004220588
0.107976524	-0.996176636	-0.004553238
0.121611954	-0.990470943	0.00376438
0.130851941	-0.986991855	0.002262237
0.143987394	-0.988149363	-0.001221387
0.149856965	-0.988884754	-0.001583042
0.168537373	-0.99005576	0.001494758
0.177027909	-0.985891729	-0.004775817
0.193283703	-0.98586548	0.002966248
0.202184845	-0.984129406	0.004886795
0.211891841	-0.972924661	-0.003024087
0.227633151	-0.971108778	0.00199984
0.234215369	-0.974694083	-0.00484468
0.24869297	-0.972003486	-0.002342942
0.260277356	-0.960948214	-0.000626919
0.269526229	-0.961847728	-0.002976796
0.287786249	-0.961476034	-0.004131016
0.29853204	-0.95950924	-0.002444663
0.309057988	-0.950209754	-0.002291977
0.31884092	-0.948194818	0.000654619
0.333896399	-0.947270701	-0.004057112
0.34189336	-0.93964275	0.001825804
0.350398131	-0.931306448	-0.000181766
0.361222915	-0.933396515	0.001609776
0.373586704	-0.928066357	0.000587629
0.389368424	-0.918955897	0.004714407
0.397869576	-0.918687195	0.003968616
0.407045727	-0.912865579	-0.000378813
0.414705237	-0.9060231	-0.001277185
0.424074669	-0.90054364	-0.000638081
0.436963465	-0.900932668	-0.002445889
0.443508773	-0.893286372	0.003343513
0.461621716	-0.888240732	-0.001320597
0.465643841	-0.884300287	-0.004318228
0.478708506	-0.877724804	0.002245104
0.486812315	-0.874192717	-0.003242898
0.498402816	-0.873210964	-0.002329745
0.50524323	-0.859393965	-0.000261205
0.510587691	-0.856662577	0.004678568
0.5239182	-0.854666495	-0.000719585
0.528516103	-0.850160311	0.001207277
0.539233323	-0.837743649	-0.001377798
0.544819123	-0.838434311	-8.14996E-05
0.55527004	-0.827146507	0.001599492
0.569439987	-0.827400974	-0.00290284
0.576686572	-0.820217987	0.000638461
0.577760344	-0.809054975	0.004588873
0.587208501	-0.81055792	0.001232583
0.59511345	-0.797710283	0.001176292
0.609397262	-0.795526756	-0.000165199
0.614163333	-0.788145792	-0.001030842
0.618497608	-0.778887261	-0.003113278
0.624129643	-0.777932515	-0.002304912
0.640299731	-0.776860831	-7.99634E-06
0.64431842	-0.764233604	0.001560783
0.650941063	-0.763643364	0.004627076
0.653310326	-0.75146963	-0.002937474
0.661771449	-0.750513442	0.000426321
0.671628922	-0.740861535	0.001194892
0.674575785	-0.735254242	-0.001809185
0.678605255	-0.731522712	0.003335421
0.685196808	-0.724232942	0.004205962
0.696181491	-0.721146582	-0.004268018
0.700005351	-0.713939457	-0.004777689
0.705260208	-0.712487813	0.004758966
0.711264728	-0.701254612	0.000200387
0.719938619	-0.693571273	-0.004107717
0.721743992	-0.693277379	-0.002693532
0.727049368	-0.690347107	0.000996045
0.727596289	-0.687497106	0.002771512
0.738807507	-0.677845903	0.001918421
0.740894511	-0.667278007	-0.004632513
0.74734382	-0.671928343	-0.00411932
0.746195608	-0.658821891	-0.00424713
0.749281816	-0.660223231	-0.000961771
0.759244981	-0.650755028	-0.003728821
0.761913231	-0.645409386	-0.001863584
0.761754999	-0.638961163	0.004722407
0.767091027	-0.640840932	0.003036349
0.776862396	-0.632831576	0.004684652
0.777445272	-0.623961496	0.001650631
0.778193801	-0.620836659	0.000332794
0.781856432	-0.616352557	-0.000598699
0.786281467	-0.61347241	0.0033901
0.791733099	-0.613331862	0.002815171
0.791605538	-0.612662198	-0.000377739
0.800141102	-0.605697678	-0.004363287
0.798729523	-0.601100997	0.002589269
0.799804707	-0.592506176	0.004323804
0.803294132	-0.591039897	0.004014671
0.805770285	-0.586192355	-0.003777654
0.812047895	-0.585336879	-0.004675511
0.809144983	-0.583348354	0.002892581
0.816677784	-0.58023148	0.004543176
0.813674186	-0.574584579	-0.00279194
0.8235942	-0.57417404	0.001044724
0.821312178	-0.569078379	-0.00450214
0.827075807	-0.572160791	-0.001511626
0.827510354	-0.567283711	-0.001969668
0.828960127	-0.558975979	-0.004913092
0.828167292	-0.5591731	0.002171831
0.834277039	-0.558323953	0.000870026
0.831234749	-0.551899071	0.000351002
0.834428458	-0.554134609	-0.002265818
0.828759917	-0.555462085	-0.003255392
0.838621529	-0.551288488	0.004885227
0.834507452	-0.548970486	-0.004108932
0.836851173	-0.548773088	-0.004684654
0.833356112	-0.550222865	0.002923186
0.83611673	-0.549081714	0.001209277
0.837971505	-0.544116817	-0.002771502
0.842556718	-0.545673487	0.004740404
0.841373481	-0.539609094	0.000446196
0.836843345	-0.537893883	-0.002173133
0.838840634	-0.541029082	0.001835626
0.844131914	-0.536404463	-0.000734702
0.837602212	-0.53950553	-0.004860041
0.841216421	-0.538780245	0.004613787
0.837880382	-0.540533683	0.003371564
0.836588848	-0.541745666	0.004004114
0.844147686	-0.544377889	-0.003961589
0.838691261	-0.545757545	-0.000156844
0.843798661	-0.543541552	-0.002851399
0.837724842	-0.541899529	-0.003740151
0.835294263	-0.539144316	-0.000169721
0.840693097	-0.541129698	0.003210415
0.839211915	-0.549807504	-0.004956061
0.832949171	-0.544185658	0.001641486
0.833688496	-0.542998417	-0.004705527
0.836505707	-0.553972921	-0.00455758
0.835978358	-0.551372583	0.002638396
0.838161605	-0.553954872	0.001874678
0.83464231	-0.551556321	0.003172895
0.826827245	-0.560850202	-0.00129871
0.825739873	-0.553796069	0.003938853
0.828138058	-0.557455767	0.002324301
0.828725797	-0.567099257	-0.003893152
0.824409822	-0.561548849	-0.00395288
0.825636241	-0.570175058	0.00449103
0.826036135	-0.569264395	0.003540033
0.821626322	-0.572069588	-0.004524941
0.818019854	-0.580201751	0.002322568
0.81848258	-0.576159021	-0.000309992
0.816144355	-0.58681239	0.002495633
0.813705692	-0.586106327	-0.004038137
0.804584999	-0.592008855	-0.001961137
0.80884907	-0.593921382	0.000605859
0.800440395	-0.601224782	0.004807808
0.795727762	-0.604540806	-0.004079881
0.796695028	-0.600921278	0.002631118
0.792359465	-0.612003618	-0.000697533
0.788130436	-0.610253261	0.003364671
0.791184845	-0.619105055	-0.003965014
0.78591212	-0.624268251	0.000939556
0.778539623	-0.620741692	-0.003162536
0.773676521	-0.624940049	0.001363805
0.771228651	-0.630846224	0.001696442
0.766617375	-0.641219002	0.004383766
0.769152752	-0.638544338	-0.00332885
0.761331248	-0.644331631	0.000372774
0.755340798	-0.649058948	-0.003451928
0.750062121	-0.654045853	0.002802755
0.752544574	-0.658857096	-0.003593207
0.74114794	-0.667113723	0.002759615
0.738564345	-0.670633008	0.000759652
0.731571207	-0.677405651	-0.004731396
0.733196667	-0.684404691	-0.001039833
0.723404101	-0.683740843	0.001181739
0.723179599	-0.695726377	-0.002518411
0.720530613	-0.697221343	0.003089263
0.712946756	-0.699205099	-0.001297041
0.70001042	-0.71348521	-0.0002571
0.701451031	-0.715686844	0.002385457
0.696448283	-0.717069778	0.001567356
0.683104062	-0.730364735	-0.002068627
0.682536647	-0.734758986	0.002439552
0.678850111	-0.73305952	0.000427309
0.669640838	-0.738521352	-0.003436552
0.662240787	-0.747634692	-0.001557828
0.65213238	-0.750045633	0.004714001
0.652535181	-0.758812086	0.000855188
0.640297693	-0.76825688	-0.004759452
0.633434503	-0.774550558	0.001310169
0.62478653	-0.776680981	0.004064327
0.622778768	-0.782830299	0.004586559
0.61812146	-0.789214992	0.003903338
0.606112579	-0.797452923	-0.001520191
0.602146034	-0.801920746	0.003476624
0.590284174	-0.806067279	0.004924534
0.584627472	-0.817172115	0.000836107
0.578313637	-0.820706187	-0.001925894
0.565053972	-0.826045906	-0.003012188
0.556574738	-0.827263354	-0.003140011
0.548931524	-0.831641808	-0.002879423
0.545966796	-0.841814114	-0.002969917
0.532492481	-0.849053253	0.003498873
0.52322137	-0.847594422	-6.09887E-05
0.515950191	-0.853634129	0.002278234
0.503100673	-0.865080432	-0.000135248
0.491237438	-0.866323473	-0.001509124
0.48782786	-0.869965715	0.00277791
0.475618527	-0.875954748	0.000947768
0.466735846	-0.883678422	0.004577353
0.452932656	-0.888555621	0.000145284
0.44924035	-0.896565897	-0.003526164
0.436008143	-0.902351947	0.004715368
0.430449097	-0.906232561	0.004025657
0.416630397	-0.909853817	-0.002074725
0.4100557	-0.911433123	-0.001316075
0.396404346	-0.918246704	0.00278411
0.387056744	-0.919535518	-0.000840308
0.378060827	-0.92351134	-0.003662839
0.36448387	-0.935240348	0.003128995
0.350689746	-0.932369981	-0.003431902
0.341258635	-0.934674759	-0.004839236
0.331150069	-0.939665925	-0.003065972
0.316252535	-0.94940337	-0.000194355
0.307149386	-0.954922221	-0.004773114
0.299685565	-0.95379658	0.001584836
0.282141177	-0.958565088	-0.004354569
0.273900352	-0.963675401	-0.004814813
0.265938774	-0.967976431	0.00237733
0.254157957	-0.971849403	-0.002251753
0.242632964	-0.9729505	-0.000357008
0.230666476	-0.976375039	0.001307395
0.219549659	-0.98052551	0.000197349
0.199686032	-0.981439477	0.001334932
0.191120558	-0.98251506	-0.001612121
0.179184429	-0.988464274	0.001949419
0.163346677	-0.990131681	-0.000200126
0.159171676	-0.986815874	0.001018355
0.140645924	-0.990200693	-0.004608307
0.12623254	-0.991321925	-0.004000528
0.114250418	-0.995274604	0.000454081
0.103922592	-0.999353442	-0.002939822
0.089722754	-0.991189852	0.001176375
0.082666301	-1.001061459	0.000200623
0.063942616	-0.996588509	0.001452562
0.05108627	-1.001985693	-0.000410436
0.042361548	-1.001012011	-0.004628268
0.027165482	-1.002439829	0.0030371
0.017294214	-1.004532349	0.004786289
0.00294163	-1.001643682	0.001651787
-0.0052208	-1.000875898	0.003539997
-0.025279401	-0.99938829	0.000248838
-0.036943611	-0.997295666	0.000317451
-0.042738783	-0.995433357	0.000981444
-0.054734025	-1.000303835	0.000831534
-0.072825475	-0.999478767	-0.004582674
-0.080852053	-0.994484208	-0.002864882
-0.099017701	-0.994320795	0.000654814
-0.110929071	-0.989580364	-0.003137728
-0.12105591	-0.991709581	-0.001811962
-0.13098902	-0.995501648	0.001738458
-0.150131072	-0.99023544	0.004543179
-0.159660075	-0.987168229	-0.00372681
-0.165345119	-0.98798768	-0.000716111
-0.17826814	-0.987291269	-1.27317E-08
-0.190370061	-0.977332352	-0.001913784
-0.201498627	-0.98011119	0.003785795
-0.216111856	-0.979322309	-0.001619695
-0.231834351	-0.976864516	0.002696231
-0.241706734	-0.967206976	0.002143639
-0.256345752	-0.970015258	-0.003654147
-0.26285629	-0.965234127	0.001572999
-0.279286361	-0.963396775	-0.003126382
-0.28940739	-0.954499803	0.002048512
-0.302852492	-0.956068637	-0.004421836
-0.315359371	-0.946628676	-0.001556873
-0.322500274	-0.945017086	0.004623011
-0.336032073	-0.946059729	0.002679511
-0.348184168	-0.93833015	0.004484331
-0.353221745	-0.935685839	-0.001257135
-0.364681669	-0.929494897	-0.000142867
-0.375415228	-0.921923898	0.003148738
-0.390774912	-0.919109157	0.002839113
-0.403660224	-0.920459603	-0.001240055
-0.406673432	-0.908099178	-0.003829468
-0.420317991	-0.905447339	-0.004618588
-0.426526834	-0.90653981	-0.00062316
-0.440371877	-0.894392086	0.00438864
-0.447810846	-0.890662222	0.003842182
-0.463307144	-0.888096986	0.003639257
-0.465256482	-0.885429433	-0.000758311
-0.478030037	-0.881956675	-0.002006712
-0.487741025	-0.870765747	0.000579363
-0.494267215	-0.865666645	0.000972493
-0.507009763	-0.858205493	0.001060908
-0.516363221	-0.852882044	0.001497039
-0.523078029	-0.853401871	0.002515695
-0.538266344	-0.843717044	0.004599275
-0.545626713	-0.836447936	-0.004698921
-0.549116326	-0.829249036	-0.001438489
-0.555276195	-0.833085417	0.002613922
-0.571837421	-0.826086531	-0.004183946
-0.574855474	-0.818975876	-0.00129265
-0.584578646	-0.810254392	-0.002184282
-0.588721573	-0.808517071	0.000951505
-0.603982558	-0.79985231	-0.002861301
-0.611117401	-0.797074671	0.000565197
-0.615555448	-0.792548058	0.004826006
-0.626525045	-0.784839643	-0.000890647
-0.626137187	-0.780949626	0.003414685
-0.633785337	-0.775485436	0.003089255
-0.6459738	-0.760581042	0.003720649
-0.648836857	-0.75464062	-0.003272182
-0.654976814	-0.752807501	0.003618789
-0.663520706	-0.750558992	-0.004271142
-0.66686641	-0.743554479	0.000387246
-0.6730932	-0.732212039	-0.002082835
-0.678027799	-0.725769058	0.003277209
-0.687506461	-0.729001077	0.004206637
-0.690503729	-0.716395503	-0.004274877
-0.703613474	-0.715733878	0.002150338
-0.706225706	-0.710610537	-0.002405512
-0.715869257	-0.69853845	0.004685389
-0.721800927	-0.701840227	0.002873972
-0.724292663	-0.691666326	-0.004077292
-0.727579529	-0.683055255	-0.002517206
-0.733756953	-0.677688946	0.002024099
-0.740756586	-0.673714702	0.001596696
-0.738335635	-0.667412442	0.000787047
-0.7473748	-0.6681359	-0.003194534
-0.746604449	-0.657047106	-0.001291452
-0.753274215	-0.660701328	0.004564521
-0.75944877	-0.651106799	0.001527968
-0.759286645	-0.650651684	-0.00342994
-0.768189895	-0.643383352	-0.00481575
-0.767642469	-0.633522926	0.002069637
-0.776637299	-0.636527399	-0.003249094
-0.776963733	-0.631886745	-0.003308212
-0.780998329	-0.62133171	-0.003714843
-0.788970652	-0.621149318	-0.000367671
-0.786637272	-0.616556746	0.004661258
-0.787398535	-0.61138477	-0.002130956
-0.798081416	-0.605991489	0.004959038
-0.80201017	-0.606934059	0.00093906
-0.804175489	-0.599566049	0.001223416
-0.80088184	-0.597639882	-0.003068026
-0.80721264	-0.593817636	0.002138134
-0.807553085	-0.590928596	0.003362644
-0.813913059	-0.587782068	0.003794504
-0.808538991	-0.586431077	-0.001197804
-0.812860703	-0.577205235	-0.002511976
-0.8198995	-0.573232144	-0.003540556
-0.817115483	-0.573401482	0.000241965
-0.820613864	-0.573127718	-0.004250713
-0.82121384	-0.565650634	0.004753564
-0.8289472	-0.56762459	-0.003816766
-0.823980374	-0.558835187	-0.003735233
-0.827227251	-0.558608388	0.000203391
-0.826038571	-0.562105578	-0.001499926
-0.832368598	-0.553792547	-0.003229014
-0.832094566	-0.551749781	0.002995743
-0.831584596	-0.556365929	-0.004194217
-0.83891882	-0.548476409	0.003821926
-0.835130346	-0.546061484	-0.001969783
-0.83549334	-0.545358537	0.002917551
-0.833381485	-0.54668551	0.003961959
-0.839912736	-0.543155116	-0.001910305
-0.843021051	-0.53996112	0.001446002
-0.837302068	-0.546022624	-0.002870589
-0.83951938	-0.542524757	-0.004180475
-0.842365226	-0.546142006	0.002286437
-0.841115827	-0.542351788	-0.003483418
-0.84390654	-0.539932257	0.001142762
-0.837688415	-0.541928081	0.002658595
-0.84294716	-0.540680875	0.004551946
-0.840292417	-0.537305542	0.003943325
-0.840491459	-0.536675882	0.001434197
-0.837179881	-0.537020364	-0.001410874
-0.84295773	-0.537903113	-5.86847E-05
-0.844113391	-0.539359598	0.002187979
-0.843448672	-0.538183785	-0.002281959
-0.834519905	-0.546218989	0.00354813
-0.838343497	-0.546957752	-0.002903662
-0.836640062	-0.54099874	0.004588222
-0.835807063	-0.544485533	0.004362285
-0.835962119	-0.544829383	0.004311034
-0.838423328	-0.551276798	-0.001247503
-0.829985268	-0.546499043	0.000499667
-0.836641714	-0.554600106	-0.001366027
-0.831942647	-0.557155981	0.003255496
-0.832548375	-0.552478693	-0.001069933
-0.83409534	-0.55830559	0.002672672
-0.823924574	-0.564688717	0.001824847
-0.821417875	-0.568224003	-0.000981628
-0.821523898	-0.563500384	0.004202029
-0.826168122	-0.566375601	-0.000251927
-0.824028043	-0.570739179	0.002611403
-0.814513003	-0.573511913	0.002484125
-0.814012702	-0.58188048	-0.002442087
-0.817002678	-0.584348387	0.002973385
-0.815716987	-0.580000546	0.001174382
-0.807795292	-0.58708832	0.001785875
-0.80969398	-0.586015511	-0.002574391
-0.799840343	-0.593037672	0.001926916
-0.805116462	-0.594384086	0.004555015
-0.798092278	-0.604074495	0.001328298
-0.801128528	-0.607800449	-0.00067518
-0.79366803	-0.610707563	-0.001041778
-0.794742948	-0.612520883	0.00335503
-0.790707121	-0.621468771	-0.003473855
-0.785507161	-0.621631584	0.002547347
-0.776909574	-0.623843662	-0.004091047
-0.777360524	-0.63148005	-0.003688393
-0.774518492	-0.629944127	0.002789295
-0.766789682	-0.63676874	0.003629107
-0.764282181	-0.645151999	-0.00419424
-0.756531162	-0.649674338	0.001565697
-0.759033804	-0.657031061	-0.001759423
-0.750389835	-0.661743641	-0.001107628
-0.747288382	-0.6593999	0.000368718
-0.744317108	-0.670584767	-0.004388543
-0.73871629	-0.673706657	-0.003332913
-0.730192326	-0.674557869	-0.001177724
-0.730852938	-0.686790348	0.002391835
-0.721940997	-0.688008026	-0.000742957
-0.721352953	-0.6903796	-0.00384682
-0.716655569	-0.702780145	-0.000573149
-0.706213598	-0.70431254	-0.003087025
-0.699350677	-0.709050573	-0.001677096
-0.700365022	-0.713919316	0.003131877
-0.689213302	-0.726098475	-0.003931519
-0.682579157	-0.73141564	-0.001800524
-0.675921169	-0.731927693	0.003426391
-0.675783694	-0.743844282	-0.004831375
-0.665146233	-0.742776062	-0.002392992
-0.661044164	-0.748851551	0.000329961
-0.651696072	-0.758606905	0.000558656
-0.645563927	-0.762918587	0.001981245
-0.637011461	-0.765685686	-0.003545289
-0.63640682	-0.774403869	0.004094757
-0.630503411	-0.781285581	0.003293564
-0.618185221	-0.785506797	-0.000808176
-0.615992152	-0.793220112	-0.002119448
-0.603337623	-0.800074639	0.002434527
-0.600320935	-0.79971793	-0.002372193
-0.591555581	-0.810917989	0.003231347
-0.580441828	-0.818269076	0.000619634
-0.576610149	-0.821143431	0.004841141
-0.559913739	-0.824855172	-0.002420977
-0.556797571	-0.835249768	0.000269937
-0.551849679	-0.841375089	0.004361516
-0.538720321	-0.837530917	-0.001476949
-0.52868548	-0.843116452	0.002369592
-0.525211624	-0.851099725	-0.004471956
-0.515095581	-0.857276	0.002752958
-0.504262015	-0.86609674	0.001972313
-0.492140008	-0.867244584	0.004778627
-0.481850268	-0.873666987	-0.001255547
-0.479199857	-0.881565249	0.003113981
-0.460335926	-0.890337116	-0.000764278
-0.456829054	-0.889733765	0.002581928
-0.440810831	-0.894930515	-0.00092969
-0.438997639	-0.899090242	0.003590151
-0.421994251	-0.901841448	-0.003008163
-0.412305811	-0.913264513	0.000432471
-0.401351709	-0.9188476	0.003229657
-0.396057527	-0.922654963	0.00134916
-0.378943838	-0.92798959	0.003327112
-0.369414547	-0.925440449	0.002061309
-0.362986808	-0.935294472	0.001897665
-0.351000998	-0.933896479	-0.003228533
-0.335468772	-0.937619429	-0.000680737
-0.332318803	-0.944060782	-0.00360856
-0.31260188	-0.94556348	0.004743538
-0.308110794	-0.953440176	0.004732393
-0.290663888	-0.958887867	0.004722334
-0.282950155	-0.954893954	0.004606593
-0.269359886	-0.964104032	0.000798801
-0.26195317	-0.966187248	-0.00496634
-0.243424528	-0.969618819	-0.000516401
-0.235975863	-0.970434523	-0.004672702
-0.2279825	-0.969624918	0.004155792
-0.211201237	-0.97559471	-0.004334847
-0.197457991	-0.979045013	-0.00114358
-0.186791113	-0.980408183	-0.004470209
-0.178452472	-0.98534508	0.002212369
-0.16518645	-0.990272925	0.000538939
-0.150727823	-0.985306474	0.003780707
-0.142394094	-0.992026384	0.001947833
-0.12963605	-0.990142858	0.001462684
-0.11160152	-0.992599797	-0.004177191
-0.098340551	-0.996649837	0.003670337
-0.0909282	-1.000731397	0.002636443
-0.075846796	-0.996575324	-0.00130349
-0.063909292	-0.995183721	-0.000467282
-0.049300358	-1.000112669	-0.003079021
-0.035938905	-0.999328392	-0.003913119
-0.025906269	-1.00300836	0.000302528
-0.012469085	-1.004420125	0.000774226
0.000825267	-0.999999955	0.000796638
0.011522003	-1.001305573	-0.000874122
0.026189294	-0.99585003	0.003731433
0.038743203	-1.000783827	0.00493137
0.047757142	-0.997239822	0.001540109
0.056366163	-0.999666399	0.001610415
0.07450395	-1.000345895	0.004849557
0.082470606	-0.991964911	-0.000847147
0.097042189	-0.993550998	-0.001115755
0.115873852	-0.99516719	9.73521E-05
0.126471245	-0.990375383	-0.004360347
0.133465918	-0.992620822	-0.003295164
0.146889117	-0.988283128	0.00449193
0.163024591	-0.988706633	0.002630072
0.176190907	-0.986624666	0.001671241
0.186909067	-0.979310401	0.00269863
0.197805974	-0.983742078	-0.001744217
0.209123954	-0.974337304	0.004075351
0.219125072	-0.97586718	-0.001167545
0.229397822	-0.972552388	-2.85269E-05
0.241155979	-0.968371691	0.000198752
0.252585079	-0.96533205	0.004369947
0.266369365	-0.960278847	-0.000799756
0.275884896	-0.956998521	0.00035196
0.286610585	-0.958748886	0.004527369
0.305804033	-0.952042613	0.000560881
0.317446194	-0.951764819	0.001526744
0.322457299	-0.940656523	0.002274641
0.335956445	-0.940801523	0.004313491
0.346300371	-0.934792772	0.000783714
0.357344799	-0.937356202	-0.004775948
0.370145972	-0.924303994	-0.003863166
0.377541259	-0.927208207	-0.001554117
0.388592993	-0.917264155	-0.001190062
0.403778544	-0.913817422	-0.000388785
0.415372961	-0.909473515	0.001443084
0.426228096	-0.904788569	-0.001305909
0.431431428	-0.904674065	0.003998445
0.439500414	-0.895868336	-0.000355937
0.451585768	-0.895926359	0.003623107
0.467344822	-0.89003032	-0.000707009
0.472277878	-0.884181108	0.003949723
0.483477252	-0.879104324	0.002316331
0.493251176	-0.874857096	-0.002965301
0.502328223	-0.867472596	-0.002854223
0.512783505	-0.855553651	-0.000837687
0.519316604	-0.852279397	0.004259251
0.530649276	-0.847348471	0.000802308
0.53797866	-0.84762375	-0.004095304
0.540780393	-0.83384706	0.000437215
0.555682136	-0.832944963	0.002425383
0.562784193	-0.826085263	0.004065144
0.566477357	-0.822713741	0.000804041
0.583406672	-0.819694641	-0.004568498
0.581838133	-0.808200351	-0.000811291
0.590778937	-0.802936215	-0.004453999
0.599721253	-0.799389326	0.001939901
0.611129149	-0.792740936	-0.000987948
0.621100234	-0.787943313	-0.004341443
0.625776636	-0.78306577	0.003859618
0.632365201	-0.777242821	-0.003792199
0.643641769	-0.771553526	-0.004246564
0.648325785	-0.759470653	0.001418305
0.657338991	-0.758635847	-0.002737937
0.657470989	-0.751225787	-0.001912316
0.66577788	-0.744902445	0.004788389
0.676197903	-0.741381276	0.003057211
0.674226979	-0.733735752	-0.001210602
0.683605422	-0.730276998	0.001416976
0.686465684	-0.722187629	-0.002717643
0.700731498	-0.715560722	-0.003593584
0.703725729	-0.713703676	-0.004698742
0.7040321	-0.710195977	0.00319764
0.711510835	-0.704408362	0.001937855
0.722739842	-0.69743651	-0.001529318
0.723991467	-0.688353927	-0.001399159
0.724329114	-0.684279772	0.002894566
0.730783651	-0.679839163	0.001299172
0.742925345	-0.674990318	0.004185365
0.746979003	-0.669421706	0.002580663
0.747369237	-0.661442282	0.00167114
0.749052708	-0.655264877	0.001030934
0.753567137	-0.653760508	0.003820083
0.7602382	-0.648583389	0.004298811
0.76634312	-0.64781535	-0.001358755
0.769060346	-0.642714899	0.002834269
0.767309734	-0.634073394	0.001489783
0.771323898	-0.628652917	0.004274633
0.778492556	-0.624435063	-0.00352241
0.78300366	-0.617780164	-0.003153657
0.78945338	-0.614845014	0.004767994
0.794115067	-0.6140023	-0.002742647
0.793041549	-0.611490257	-0.003614092
0.792591824	-0.61041186	0.002251449
0.79597618	-0.597143673	0.004569927
0.802650705	-0.593597633	-0.000347129
0.802722096	-0.595982025	-0.004713391
0.804251401	-0.585930635	-0.004015142
0.81036091	-0.589677499	-0.000932682
0.811728552	-0.581077716	8.98396E-06
0.814167451	-0.583017767	-0.002675914
0.814219437	-0.580377413	-0.002490506
0.813864462	-0.575509425	-0.00036607
0.824639664	-0.573666928	0.003986751
0.824178611	-0.565241285	-0.001177139
0.828189941	-0.564603983	0.001687967
0.825017724	-0.562095355	0.001284056
0.823819643	-0.562876922	0.001434057
0.831602315	-0.559074404	-0.004271903
0.830918742	-0.559176819	-0.004125246
0.836521235	-0.558654064	0.004789556
0.832951181	-0.555979229	0.001926542
0.838985781	-0.546790457	-0.001983558
0.836665269	-0.548214756	-0.003530534
0.831623922	-0.544419323	0.001263933
0.836163536	-0.547153783	-0.001907848
0.835233486	-0.542171837	-0.003912005
0.834355928	-0.543124873	0.002362143
0.838718709	-0.539014815	-0.004992121
0.838715899	-0.543544672	-0.002942066
0.83909262	-0.546170806	0.004165509
0.841705682	-0.539562376	0.001383762
0.838626728	-0.539408845	0.000123878
0.841854925	-0.536745642	0.001746925
0.844722619	-0.540932613	-0.003263485
0.841176192	-0.54474319	-0.001143829
